test1@localhost.localdomain,abcabc1
test2@localhost.localdomain,abcabc1
test3@localhost.localdomain,abcabc1
test4@localhost.localdomain,abcabc1
test5@localhost.localdomain,abcabc1
test6@localhost.localdomain,abcabc1
test7@localhost.localdomain,abcabc1
test8@localhost.localdomain,abcabc1
test9@localhost.localdomain,abcabc1
test10@localhost.localdomain,abcabc1
test11@localhost.localdomain,abcabc1
test12@localhost.localdomain,abcabc1
test13@localhost.localdomain,abcabc1
test14@localhost.localdomain,abcabc1
test15@localhost.localdomain,abcabc1
test16@localhost.localdomain,abcabc1
test17@localhost.localdomain,abcabc1
test18@localhost.localdomain,abcabc1
test19@localhost.localdomain,abcabc1
test20@localhost.localdomain,abcabc1
test21@localhost.localdomain,abcabc1
test22@localhost.localdomain,abcabc1
test23@localhost.localdomain,abcabc1
test24@localhost.localdomain,abcabc1
test25@localhost.localdomain,abcabc1
test26@localhost.localdomain,abcabc1
test27@localhost.localdomain,abcabc1
test28@localhost.localdomain,abcabc1
test29@localhost.localdomain,abcabc1
test30@localhost.localdomain,abcabc1
test31@localhost.localdomain,abcabc1
test32@localhost.localdomain,abcabc1
test33@localhost.localdomain,abcabc1
test34@localhost.localdomain,abcabc1
test35@localhost.localdomain,abcabc1
test36@localhost.localdomain,abcabc1
test37@localhost.localdomain,abcabc1
test38@localhost.localdomain,abcabc1
test39@localhost.localdomain,abcabc1
test40@localhost.localdomain,abcabc1
test41@localhost.localdomain,abcabc1
test42@localhost.localdomain,abcabc1
test43@localhost.localdomain,abcabc1
test44@localhost.localdomain,abcabc1
test45@localhost.localdomain,abcabc1
test46@localhost.localdomain,abcabc1
test47@localhost.localdomain,abcabc1
test48@localhost.localdomain,abcabc1
test49@localhost.localdomain,abcabc1
test50@localhost.localdomain,abcabc1
test51@localhost.localdomain,abcabc1
test52@localhost.localdomain,abcabc1
test53@localhost.localdomain,abcabc1
test54@localhost.localdomain,abcabc1
test55@localhost.localdomain,abcabc1
test56@localhost.localdomain,abcabc1
test57@localhost.localdomain,abcabc1
test58@localhost.localdomain,abcabc1
test59@localhost.localdomain,abcabc1
test60@localhost.localdomain,abcabc1
test61@localhost.localdomain,abcabc1
test62@localhost.localdomain,abcabc1
test63@localhost.localdomain,abcabc1
test64@localhost.localdomain,abcabc1
test65@localhost.localdomain,abcabc1
test66@localhost.localdomain,abcabc1
test67@localhost.localdomain,abcabc1
test68@localhost.localdomain,abcabc1
test69@localhost.localdomain,abcabc1
test70@localhost.localdomain,abcabc1
test71@localhost.localdomain,abcabc1
test72@localhost.localdomain,abcabc1
test73@localhost.localdomain,abcabc1
test74@localhost.localdomain,abcabc1
test75@localhost.localdomain,abcabc1
test76@localhost.localdomain,abcabc1
test77@localhost.localdomain,abcabc1
test78@localhost.localdomain,abcabc1
test79@localhost.localdomain,abcabc1
test80@localhost.localdomain,abcabc1
test81@localhost.localdomain,abcabc1
test82@localhost.localdomain,abcabc1
test83@localhost.localdomain,abcabc1
test84@localhost.localdomain,abcabc1
test85@localhost.localdomain,abcabc1
test86@localhost.localdomain,abcabc1
test87@localhost.localdomain,abcabc1
test88@localhost.localdomain,abcabc1
test89@localhost.localdomain,abcabc1
test90@localhost.localdomain,abcabc1
test91@localhost.localdomain,abcabc1
test92@localhost.localdomain,abcabc1
test93@localhost.localdomain,abcabc1
test94@localhost.localdomain,abcabc1
test95@localhost.localdomain,abcabc1
test96@localhost.localdomain,abcabc1
test97@localhost.localdomain,abcabc1
test98@localhost.localdomain,abcabc1
test99@localhost.localdomain,abcabc1
test100@localhost.localdomain,abcabc1
